{
  "components": [
    {
      "data": {
        "contents_checksum": "76399a5b63559f930cd71c4f2f9c49ef4cefdeb998d7ef9609d7b714fb32926c",
        "source": "",
        "type": "tar"
      },
      "dependencies": [
        "bq",
        "core"
      ],
      "details": {
        "description": "Provides the bq tool for interacting with the BigQuery service.",
        "display_name": "BigQuery Command Line Tool (Platform Specific)"
      },
      "gdu_only": false,
      "id": "bq-win",
      "is_configuration": false,
      "is_hidden": true,
      "is_required": false,
      "platform": {
        "operating_systems": [
          "WINDOWS"
        ]
      },
      "platform_required": false,
      "version": {
        "build_number": 20241018161811,
        "version_string": "2.1.9"
      }
    }
  ],
  "revision": 20241018161811,
  "schema_version": {
    "no_update": false,
    "url": "https://dl.google.com/dl/cloudsdk/channels/rapid/google-cloud-sdk.tar.gz",
    "version": 3
  },
  "version": "498.0.0"
}