{
  "components": [
    {
      "data": {
        "contents_checksum": "7d671d12e321363f96c65f72bc2b4ce90bcb0c43d6ecc609f30b9ebd7f21af52",
        "source": "",
        "type": "tar"
      },
      "dependencies": [
        "bq-nix",
        "bq-win",
        "core"
      ],
      "details": {
        "description": "Provides the bq tool for interacting with the BigQuery service.",
        "display_name": "BigQuery Command Line Tool"
      },
      "gdu_only": false,
      "id": "bq",
      "is_configuration": false,
      "is_hidden": false,
      "is_required": false,
      "platform": {},
      "platform_required": false,
      "version": {
        "build_number": 20241018161811,
        "version_string": "2.1.9"
      }
    }
  ],
  "revision": 20241018161811,
  "schema_version": {
    "no_update": false,
    "url": "https://dl.google.com/dl/cloudsdk/channels/rapid/google-cloud-sdk.tar.gz",
    "version": 3
  },
  "version": "498.0.0"
}