{
  "components": [
    {
      "data": {
        "contents_checksum": "ad7be52207d01dc20b150b72abf3e2212caeca501588332bd0b0dcb18428c00b",
        "source": "",
        "type": "tar"
      },
      "dependencies": [
        "bundled-python3-unix",
        "core-nix",
        "core-win",
        "gcloud-deps",
        "ssh-tools"
      ],
      "details": {
        "description": "Handles all core functionality for the Google Cloud CLI.",
        "display_name": "Google Cloud CLI Core Libraries"
      },
      "gdu_only": false,
      "id": "core",
      "is_configuration": false,
      "is_hidden": false,
      "is_required": true,
      "platform": {},
      "platform_required": false,
      "version": {
        "build_number": 20241018161811,
        "version_string": "2024.10.18"
      }
    }
  ],
  "revision": 20241018161811,
  "schema_version": {
    "no_update": false,
    "url": "https://dl.google.com/dl/cloudsdk/channels/rapid/google-cloud-sdk.tar.gz",
    "version": 3
  },
  "version": "498.0.0"
}