{
  "components": [
    {
      "data": {
        "contents_checksum": "430564b2b1d8b35b59165729841c0a0ed7f69459df9f18f4d3f2fa171d68cd75",
        "source": "",
        "type": "tar"
      },
      "dependencies": [
        "core",
        "gcloud-deps-darwin-x86",
        "gcloud-deps-darwin-x86_64",
        "gcloud-deps-linux-x86",
        "gcloud-deps-linux-x86_64",
        "gcloud-deps-windows-x86",
        "gcloud-deps-windows-x86_64"
      ],
      "details": {
        "description": "Set of third_party gcloud cli dependencies.",
        "display_name": "gcloud cli dependencies"
      },
      "gdu_only": false,
      "id": "gcloud-deps",
      "is_configuration": false,
      "is_hidden": true,
      "is_required": false,
      "platform": {},
      "platform_required": false,
      "version": {
        "build_number": 20241018161811,
        "version_string": "2024.10.18"
      }
    }
  ],
  "revision": 20241018161811,
  "schema_version": {
    "no_update": false,
    "url": "https://dl.google.com/dl/cloudsdk/channels/rapid/google-cloud-sdk.tar.gz",
    "version": 3
  },
  "version": "498.0.0"
}