{
  "components": [
    {
      "data": {
        "contents_checksum": "2f6f233cedbee66aa646c0315d8382405d033671db00d38b247afcd64b97226c",
        "source": "",
        "type": "tar"
      },
      "dependencies": [
        "gcloud-crc32c"
      ],
      "details": {
        "description": "Command line tool that calculates CRC32C hashes on local files.",
        "display_name": "Google Cloud CRC32C Hash Tool (Platform Specific)"
      },
      "gdu_only": false,
      "id": "gcloud-crc32c-windows-x86_64",
      "is_configuration": false,
      "is_hidden": true,
      "is_required": false,
      "platform": {
        "architectures": [
          "x86_64"
        ],
        "operating_systems": [
          "WINDOWS"
        ]
      },
      "platform_required": false,
      "version": {
        "build_number": 20241018161811,
        "version_string": "1.0.0"
      }
    }
  ],
  "revision": 20241018161811,
  "schema_version": {
    "no_update": false,
    "url": "https://dl.google.com/dl/cloudsdk/channels/rapid/google-cloud-sdk.tar.gz",
    "version": 3
  },
  "version": "498.0.0"
}