{
  "components": [
    {
      "data": {
        "contents_checksum": "5a3078a14d39ea2176019f1b6942be3ff8d0cee80501cc30f1ca5065b5069e89",
        "source": "",
        "type": "tar"
      },
      "dependencies": [
        "core",
        "gsutil"
      ],
      "details": {
        "description": "Provides the gsutil tool for interacting with Google Cloud Storage.",
        "display_name": "Cloud Storage Command Line Tool (Platform Specific)"
      },
      "gdu_only": true,
      "id": "gsutil-win",
      "is_configuration": false,
      "is_hidden": true,
      "is_required": false,
      "platform": {
        "operating_systems": [
          "WINDOWS"
        ]
      },
      "platform_required": false,
      "version": {
        "build_number": 20241018161811,
        "version_string": "5.31"
      }
    }
  ],
  "revision": 20241018161811,
  "schema_version": {
    "no_update": false,
    "url": "https://dl.google.com/dl/cloudsdk/channels/rapid/google-cloud-sdk.tar.gz",
    "version": 3
  },
  "version": "498.0.0"
}