{
  "components": [
    {
      "data": {
        "contents_checksum": "cf0134d88dd4d02da801cb6c741fb28883c23f58eb48151deef6a34a031a97e8",
        "source": "",
        "type": "tar"
      },
      "dependencies": [
        "core",
        "gsutil-nix",
        "gsutil-win"
      ],
      "details": {
        "description": "Provides the gsutil tool for interacting with Google Cloud Storage.",
        "display_name": "Cloud Storage Command Line Tool"
      },
      "gdu_only": true,
      "id": "gsutil",
      "is_configuration": false,
      "is_hidden": false,
      "is_required": false,
      "platform": {},
      "platform_required": false,
      "version": {
        "build_number": 20241018161811,
        "version_string": "5.31"
      }
    }
  ],
  "revision": 20241018161811,
  "schema_version": {
    "no_update": false,
    "url": "https://dl.google.com/dl/cloudsdk/channels/rapid/google-cloud-sdk.tar.gz",
    "version": 3
  },
  "version": "498.0.0"
}