{
  "components": [
    {
      "data": {
        "contents_checksum": "a7771f6c72699f4212a02b3d53b23b20c9d223f13791e5b0988792d56fcd85d4",
        "source": "",
        "type": "tar"
      },
      "dependencies": [
        "ssh-tools"
      ],
      "details": {
        "description": "Provides Windows command line ssh tools.",
        "display_name": "Windows command line ssh tools (Platform Specific)"
      },
      "gdu_only": false,
      "id": "ssh-tools-windows",
      "is_configuration": false,
      "is_hidden": true,
      "is_required": false,
      "platform": {
        "operating_systems": [
          "WINDOWS"
        ]
      },
      "platform_required": false,
      "version": {
        "build_number": 20241018161811,
        "version_string": ""
      }
    }
  ],
  "revision": 20241018161811,
  "schema_version": {
    "no_update": false,
    "url": "https://dl.google.com/dl/cloudsdk/channels/rapid/google-cloud-sdk.tar.gz",
    "version": 3
  },
  "version": "498.0.0"
}